{"schemaVersion":"1.0","appDefinitionTemplate":{"id":"/providers/Microsoft.PowerApps/apps/","type":"Microsoft.PowerApps/apps","tags":{"primaryDeviceWidth":"1366","primaryDeviceHeight":"768","sienaVersion":"20250116T062406Z-3.25011.8.0","deviceCapabilities":"","supportsPortrait":"true","supportsLandscape":"true","primaryFormFactor":"Tablet","publisherVersion":"3.25011.8","minimumRequiredApiVersion":"2.2.0","hasComponent":"false","hasUnlockedComponent":"false","isUnifiedRootApp":"false","showStatusBar":"false"},"properties":{"appVersion":"2025-01-16T06:24:06Z","lifeCycleId":"Published","createdByClientVersion":{"major":3,"minor":25011,"build":8,"revision":0,"majorRevision":0,"minorRevision":0},"minClientVersion":{"major":3,"minor":25011,"build":8,"revision":0,"majorRevision":0,"minorRevision":0},"backgroundColor":"RGBA(0,176,240,1)","backgroundImageUri":"/6507781886241358285/N7252ddce-74e5-4335-9a23-d2834d713cdf-logoSmallFile","displayName":"Smart POS Solution","description":"Latest Edits","commitMessage":"Save app with description provided in publish dialog.","appUris":{"documentUri":{"value":"/6507781886241358285/Nac1c1ef9-5cd0-4577-a7a3-9412378113fe-document.msapp"},"imageUris":[],"additionalUris":[{"isSolutionAware":false,"value":"/6507781886241358285/Nfe37166f-1228-4f86-95e6-ad555e5ea86c-identity.json"}]},"createdTime":"0001-01-01T00:00:00Z","lastModifiedTime":"0001-01-01T00:00:00Z","sharedGroupsCount":0,"sharedUsersCount":0,"connectionReferences":{"aa203f74-8be4-48d1-81c9-b57c9f9facbc":{"id":"12dfcf6e-9152-4420-91ec-8b18218a4f84","displayName":"Logic flows","iconUri":"https://conn-afd-prod-endpoint-bmc9bqahasf3grgk.b01.azurefd.net/releases/v1.0.1725/1.0.1725.4004/logicflows/icon.png","dataSources":["CreateReceipt"],"dependencies":["8f68fe18-4a19-4e73-ab3c-2df4104de025"],"dependents":[],"parameterHints":{"workflowName":{"value":"4ad1847d-4f8b-48bb-b7eb-5c68e65f34e4"},"workflowEntityId":{},"workflowDisplayName":{"value":"Create Receipt"},"8f68fe18-4a19-4e73-ab3c-2df4104de025":{"value":"shared_commondataserviceforapps"}},"parameterHintsV2":{"workflowName":{"value":"4ad1847d-4f8b-48bb-b7eb-5c68e65f34e4"},"workflowEntityId":{},"workflowDisplayName":{"value":"Create Receipt"},"shared_commondataserviceforapps":{"value":"8f68fe18-4a19-4e73-ab3c-2df4104de025"}},"isOnPremiseConnection":false,"bypassConsent":false,"dataSets":{},"apiTier":"Standard","isCustomApiConnection":false,"actions":["Run"],"nestedActions":[{"id":"/providers/Microsoft.PowerApps/apis/shared_commondataserviceforapps/apiOperations/GetItem","flowConnectionRef":"shared_commondataserviceforapps","apiName":"Microsoft Dataverse","actionName":"GetItem","referencedResources":[]},{"id":"/providers/Microsoft.PowerApps/apis/shared_commondataserviceforapps/apiOperations/CreateRecord","flowConnectionRef":"shared_commondataserviceforapps","apiName":"Microsoft Dataverse","actionName":"CreateRecord","referencedResources":[]}]},"8f68fe18-4a19-4e73-ab3c-2df4104de025":{"id":"3c52d64e-dd55-4951-8580-5568581bd704","displayName":"Microsoft Dataverse","iconUri":"https://conn-afd-prod-endpoint-bmc9bqahasf3grgk.b01.azurefd.net/releases/v1.0.1724/1.0.1724.3991/commondataserviceforapps/icon.png","dataSources":[],"dependencies":[],"dependents":["aa203f74-8be4-48d1-81c9-b57c9f9facbc","385764df-0df9-48de-b1b6-cc79c211bc0d","ccde42dc-4abc-4f7a-83da-2d4d62ed04e5","5010d0ed-96ac-451e-9566-6ae356f02b4b","d47285f1-ba8d-4a16-9b98-cc68294848b8"],"parameterHints":{},"parameterHintsV2":{},"isOnPremiseConnection":false,"bypassConsent":false,"dataSets":{},"apiTier":"Premium","isCustomApiConnection":false},"385764df-0df9-48de-b1b6-cc79c211bc0d":{"id":"12dfcf6e-9152-4420-91ec-8b18218a4f84","displayName":"Logic flows","iconUri":"https://conn-afd-prod-endpoint-bmc9bqahasf3grgk.b01.azurefd.net/releases/v1.0.1725/1.0.1725.4004/logicflows/icon.png","dataSources":["CancelProduct"],"dependencies":["8f68fe18-4a19-4e73-ab3c-2df4104de025"],"dependents":[],"parameterHints":{"workflowName":{"value":"0834bd80-1d70-405d-99ec-113c12f67017"},"workflowEntityId":{},"workflowDisplayName":{"value":"Cancel Product"},"8f68fe18-4a19-4e73-ab3c-2df4104de025":{"value":"shared_commondataserviceforapps"}},"parameterHintsV2":{"workflowName":{"value":"0834bd80-1d70-405d-99ec-113c12f67017"},"workflowEntityId":{},"workflowDisplayName":{"value":"Cancel Product"},"shared_commondataserviceforapps":{"value":"8f68fe18-4a19-4e73-ab3c-2df4104de025"}},"isOnPremiseConnection":false,"bypassConsent":false,"dataSets":{},"apiTier":"Standard","isCustomApiConnection":false,"actions":["Run"],"nestedActions":[{"id":"/providers/Microsoft.PowerApps/apis/shared_commondataserviceforapps/apiOperations/GetItem","flowConnectionRef":"shared_commondataserviceforapps","apiName":"Microsoft Dataverse","actionName":"GetItem","referencedResources":[]},{"id":"/providers/Microsoft.PowerApps/apis/shared_commondataserviceforapps/apiOperations/UpdateOnlyRecord","flowConnectionRef":"shared_commondataserviceforapps","apiName":"Microsoft Dataverse","actionName":"UpdateOnlyRecord","referencedResources":[]}]},"ccde42dc-4abc-4f7a-83da-2d4d62ed04e5":{"id":"12dfcf6e-9152-4420-91ec-8b18218a4f84","displayName":"Logic flows","iconUri":"https://conn-afd-prod-endpoint-bmc9bqahasf3grgk.b01.azurefd.net/releases/v1.0.1725/1.0.1725.4004/logicflows/icon.png","dataSources":["MarkItemasSold"],"dependencies":["8f68fe18-4a19-4e73-ab3c-2df4104de025"],"dependents":[],"parameterHints":{"workflowName":{"value":"455931b9-a046-4806-b9be-c2983563137f"},"workflowEntityId":{},"workflowDisplayName":{"value":"Mark Item as Sold"},"8f68fe18-4a19-4e73-ab3c-2df4104de025":{"value":"shared_commondataserviceforapps"}},"parameterHintsV2":{"workflowName":{"value":"455931b9-a046-4806-b9be-c2983563137f"},"workflowEntityId":{},"workflowDisplayName":{"value":"Mark Item as Sold"},"shared_commondataserviceforapps":{"value":"8f68fe18-4a19-4e73-ab3c-2df4104de025"}},"isOnPremiseConnection":false,"bypassConsent":false,"dataSets":{},"apiTier":"Standard","isCustomApiConnection":false,"actions":["Run"],"nestedActions":[{"id":"/providers/Microsoft.PowerApps/apis/shared_commondataserviceforapps/apiOperations/GetItem","flowConnectionRef":"shared_commondataserviceforapps","apiName":"Microsoft Dataverse","actionName":"GetItem","referencedResources":[]},{"id":"/providers/Microsoft.PowerApps/apis/shared_commondataserviceforapps/apiOperations/UpdateOnlyRecord","flowConnectionRef":"shared_commondataserviceforapps","apiName":"Microsoft Dataverse","actionName":"UpdateOnlyRecord","referencedResources":[]}]},"5010d0ed-96ac-451e-9566-6ae356f02b4b":{"id":"12dfcf6e-9152-4420-91ec-8b18218a4f84","displayName":"Logic flows","iconUri":"https://conn-afd-prod-endpoint-bmc9bqahasf3grgk.b01.azurefd.net/releases/v1.0.1725/1.0.1725.4004/logicflows/icon.png","dataSources":["EmailReceipttoCustomer"],"dependencies":["8f68fe18-4a19-4e73-ab3c-2df4104de025","9f83f22f-2404-4007-8700-132da2dcd3e1"],"dependents":[],"parameterHints":{"workflowName":{"value":"a655a392-5559-45e6-8f22-d343f8b24c2e"},"workflowEntityId":{},"workflowDisplayName":{"value":"Email Receipt to Customer"},"8f68fe18-4a19-4e73-ab3c-2df4104de025":{"value":"shared_commondataserviceforapps"},"9f83f22f-2404-4007-8700-132da2dcd3e1":{"value":"shared_gmail"}},"parameterHintsV2":{"workflowName":{"value":"a655a392-5559-45e6-8f22-d343f8b24c2e"},"workflowEntityId":{},"workflowDisplayName":{"value":"Email Receipt to Customer"},"shared_commondataserviceforapps":{"value":"8f68fe18-4a19-4e73-ab3c-2df4104de025"},"shared_gmail":{"value":"9f83f22f-2404-4007-8700-132da2dcd3e1"}},"isOnPremiseConnection":false,"bypassConsent":false,"dataSets":{},"apiTier":"Standard","isCustomApiConnection":false,"actions":["Run"],"nestedActions":[{"id":"/providers/Microsoft.PowerApps/apis/shared_commondataserviceforapps/apiOperations/GetItem","flowConnectionRef":"shared_commondataserviceforapps","apiName":"Microsoft Dataverse","actionName":"GetItem","referencedResources":[]},{"id":"/providers/Microsoft.PowerApps/apis/shared_commondataserviceforapps/apiOperations/ListRecords","flowConnectionRef":"shared_commondataserviceforapps","apiName":"Microsoft Dataverse","actionName":"ListRecords","referencedResources":[]},{"id":"/providers/Microsoft.PowerApps/apis/shared_gmail/apiOperations/SendEmailV2","flowConnectionRef":"shared_gmail","apiName":"Gmail","actionName":"SendEmailV2","referencedResources":[]}]},"9f83f22f-2404-4007-8700-132da2dcd3e1":{"id":"a0ae181c-afe8-4e62-ad70-50c7a54819f9","displayName":"Gmail","iconUri":"https://conn-afd-prod-endpoint-bmc9bqahasf3grgk.b01.azurefd.net/releases/v1.0.1718/1.0.1718.3944/gmail/icon.png","dataSources":[],"dependencies":[],"dependents":["5010d0ed-96ac-451e-9566-6ae356f02b4b"],"parameterHints":{},"parameterHintsV2":{},"isOnPremiseConnection":false,"bypassConsent":false,"dataSets":{},"apiTier":"Standard","isCustomApiConnection":false,"authenticationType":"shared-application"},"d47285f1-ba8d-4a16-9b98-cc68294848b8":{"id":"12dfcf6e-9152-4420-91ec-8b18218a4f84","displayName":"Logic flows","iconUri":"https://conn-afd-prod-endpoint-bmc9bqahasf3grgk.b01.azurefd.net/releases/v1.0.1725/1.0.1725.4004/logicflows/icon.png","dataSources":["CreateStockCountRecord"],"dependencies":["8f68fe18-4a19-4e73-ab3c-2df4104de025"],"dependents":[],"parameterHints":{"workflowName":{"value":"8fef5bb5-991e-42be-bc34-2eeb7253906c"},"workflowEntityId":{},"workflowDisplayName":{"value":"Create Stock Count Record"},"8f68fe18-4a19-4e73-ab3c-2df4104de025":{"value":"shared_commondataserviceforapps"}},"parameterHintsV2":{"workflowName":{"value":"8fef5bb5-991e-42be-bc34-2eeb7253906c"},"workflowEntityId":{},"workflowDisplayName":{"value":"Create Stock Count Record"},"shared_commondataserviceforapps":{"value":"8f68fe18-4a19-4e73-ab3c-2df4104de025"}},"isOnPremiseConnection":false,"bypassConsent":false,"dataSets":{},"apiTier":"Standard","isCustomApiConnection":false,"actions":["Run"],"nestedActions":[{"id":"/providers/Microsoft.PowerApps/apis/shared_commondataserviceforapps/apiOperations/GetItem","flowConnectionRef":"shared_commondataserviceforapps","apiName":"Microsoft Dataverse","actionName":"GetItem","referencedResources":[]},{"id":"/providers/Microsoft.PowerApps/apis/shared_commondataserviceforapps/apiOperations/CreateRecord","flowConnectionRef":"shared_commondataserviceforapps","apiName":"Microsoft Dataverse","actionName":"CreateRecord","referencedResources":[]}]}},"databaseReferences":{"default.cds":{"databaseDetails":{"referenceType":"Environmental","environmentName":"default.cds","overrideValues":{"status":"NotSpecified","environmentVariableName":""}},"dataSources":{"Contacts":{"entitySetName":"contacts","logicalName":"contact","isHidden":false},"Items":{"entitySetName":"pfb_itemses","logicalName":"pfb_items","isHidden":false},"Products":{"entitySetName":"pfb_products","logicalName":"pfb_product","isHidden":false},"End of Shifts":{"entitySetName":"pfb_endofshifts","logicalName":"pfb_endofshift","isHidden":false},"Receipts":{"entitySetName":"pfb_recipts","logicalName":"pfb_recipt","isHidden":false},"Receipt Items":{"entitySetName":"pfb_receiptitemses","logicalName":"pfb_receiptitems","isHidden":false},"Stock Count Items":{"entitySetName":"pfb_stockcountitems","logicalName":"pfb_stockcountitem","isHidden":false},"Stock Counts":{"entitySetName":"pfb_stockcounts","logicalName":"pfb_stockcount","isHidden":false},"Users":{"entitySetName":"systemusers","logicalName":"systemuser","isHidden":false},"Duplicate Records":{"entitySetName":"duplicaterecords","logicalName":"duplicaterecord","isHidden":false}},"actions":["providers/PowerPlatform.Governance/Operations/Read","providers/PowerPlatform.Governance/Operations/Write"]}},"almMode":"Environment","performanceOptimizationEnabled":true,"canConsumeAppPass":true,"enableModernRuntimeMode":false,"executionRestrictions":{"isTeamsOnly":false,"dataLossPreventionEvaluationResult":{"status":"Compliant","lastEvaluationDate":"2025-01-16T06:24:08.6705458Z","violations":[],"violationsByPolicy":[],"violationErrorMessage":"The app uses the following connectors: shared_logicflows, shared_commondataserviceforapps, shared_gmail, shared_commondataservice."},"httpActionRestriction":{"appUsesSharepointHttpAction":false,"enforcementStrategy":"Legacy","evaluationTime":"2025-01-16T06:24:08.6704021Z"}}},"isAppComponentLibrary":false,"appType":"ClassicCanvasApp","appComponents":[]}}