{"name":"30a43eba-2362-489f-9bfb-727e0484ea5a","id":"/providers/Microsoft.Flow/flows/30a43eba-2362-489f-9bfb-727e0484ea5a","type":"Microsoft.Flow/flows","properties":{"apiId":"/providers/Microsoft.PowerApps/apis/shared_logicflows","displayName":"Create Stock Count Record","definition":{"metadata":{"workflowEntityId":null,"processAdvisorMetadata":null,"flowChargedByPaygo":null,"flowclientsuspensionreason":"None","flowclientsuspensiontime":null,"flowclientsuspensionreasondetails":null,"creator":{"id":"3826838b-0d80-46a3-b886-0f72fc0282ab","type":"User","tenantId":"ebcf00a3-4b0f-4282-a7f4-3aedf7b760ec"},"provisioningMethod":"FromDefinition","failureAlertSubscription":true,"clientLastModifiedTime":"2025-01-15T04:57:58.437129Z","connectionKeySavedTimeKey":"2025-01-15T04:57:58.437129Z"},"$schema":"https://schema.management.azure.com/providers/Microsoft.Logic/schemas/2016-06-01/workflowdefinition.json#","contentVersion":"1.0.0.0","parameters":{"$authentication":{"defaultValue":{},"type":"SecureObject"},"$connections":{"defaultValue":{},"type":"Object"}},"triggers":{"manual":{"metadata":{"operationMetadataId":"ffabf70e-60a6-4b87-b5ed-163fa7b796d3"},"type":"Request","kind":"PowerAppV2","inputs":{"schema":{"type":"object","properties":{"text":{"title":"CreatedByID_Value","type":"string","x-ms-dynamically-added":true,"description":"Value","x-ms-content-hint":"TEXT"}},"required":["text"]}}}},"actions":{"Created_By_ID":{"runAfter":{},"metadata":{"operationMetadataId":"ddbecf06-fcf8-46ed-ad94-1bd073f7735f"},"type":"InitializeVariable","inputs":{"variables":[{"name":"var_createdbyid","type":"string","value":"@triggerBody()['text']"}]}},"Get_the_contact":{"runAfter":{"Created_By_ID":["Succeeded"]},"metadata":{"operationMetadataId":"8c585a9b-2e86-440b-9ab2-cf43df468504"},"type":"OpenApiConnection","inputs":{"parameters":{"entityName":"contacts","recordId":"@variables('var_createdbyid')"},"host":{"apiId":"/providers/Microsoft.PowerApps/apis/shared_commondataserviceforapps","connectionName":"shared_commondataserviceforapps","operationId":"GetItem"},"authentication":"@parameters('$authentication')"}},"Add_a_new_row":{"runAfter":{"Get_the_contact":["Succeeded"]},"metadata":{"operationMetadataId":"e8e3a281-5bb1-4bc9-8a5e-d01a8b001473"},"type":"OpenApiConnection","inputs":{"parameters":{"entityName":"pfb_stockcounts","item/pfb_name":"Stock counted by: @{outputs('Get_the_contact')?['body/fullname']}","item/pfb_CountedBy@odata.bind":"contacts/@{variables('var_createdbyid')}"},"host":{"apiId":"/providers/Microsoft.PowerApps/apis/shared_commondataserviceforapps","connectionName":"shared_commondataserviceforapps","operationId":"CreateRecord"},"authentication":"@parameters('$authentication')"}},"Respond_to_a_Power_App_or_flow":{"runAfter":{"Add_a_new_row":["Succeeded"]},"metadata":{"operationMetadataId":"df3b1e18-5edf-4f1e-8ef7-6a34e09458aa"},"type":"Response","kind":"PowerApp","inputs":{"schema":{"type":"object","properties":{"stockcountrecordid":{"title":"Stockcountrecordid","x-ms-dynamically-added":true,"type":"string"}},"additionalProperties":{}},"statusCode":200,"body":{"stockcountrecordid":"@outputs('Add_a_new_row')?['body/pfb_stockcountid']"}}}}},"connectionReferences":{"shared_commondataserviceforapps":{"connectionName":"shared-commondataser-1d7e36f0-28fb-4e41-88e9-166ef83b737b","source":"Embedded","id":"/providers/Microsoft.PowerApps/apis/shared_commondataserviceforapps","tier":"NotSpecified","apiName":"commondataserviceforapps"}},"flowFailureAlertSubscribed":false,"isManaged":false}}