<ImportExportXml version="9.2.24122.148" SolutionPackageVersion="9.2" languagecode="1033" generatedBy="CrmLive" xmlns:xsi="http://www.w3.org/2001/XMLSchema-instance" OrganizationVersion="9.2.24122.148" OrganizationSchemaType="Standard" CRMServerServiceabilityVersion="9.2.24123.00208">
  <SolutionManifest>
    <UniqueName>SmartPOSSolution</UniqueName>
    <LocalizedNames>
      <LocalizedName description="Smart POS Solution" languagecode="1033" />
    </LocalizedNames>
    <Descriptions />
    <Version>1.0.0.2</Version>
    <Managed>1</Managed>
    <Publisher>
      <UniqueName>pawb</UniqueName>
      <LocalizedNames>
        <LocalizedName description="PowerApps for Beginners " languagecode="1033" />
      </LocalizedNames>
      <Descriptions>
        <Description description="This is a training" languagecode="1033" />
      </Descriptions>
      <EMailAddress xsi:nil="true"></EMailAddress>
      <SupportingWebsiteUrl xsi:nil="true"></SupportingWebsiteUrl>
      <CustomizationPrefix>pfb</CustomizationPrefix>
      <CustomizationOptionValuePrefix>89116</CustomizationOptionValuePrefix>
      <Addresses>
        <Address>
          <AddressNumber>1</AddressNumber>
          <AddressTypeCode>1</AddressTypeCode>
          <City xsi:nil="true"></City>
          <County xsi:nil="true"></County>
          <Country xsi:nil="true"></Country>
          <Fax xsi:nil="true"></Fax>
          <FreightTermsCode xsi:nil="true"></FreightTermsCode>
          <ImportSequenceNumber xsi:nil="true"></ImportSequenceNumber>
          <Latitude xsi:nil="true"></Latitude>
          <Line1 xsi:nil="true"></Line1>
          <Line2 xsi:nil="true"></Line2>
          <Line3 xsi:nil="true"></Line3>
          <Longitude xsi:nil="true"></Longitude>
          <Name xsi:nil="true"></Name>
          <PostalCode xsi:nil="true"></PostalCode>
          <PostOfficeBox xsi:nil="true"></PostOfficeBox>
          <PrimaryContactName xsi:nil="true"></PrimaryContactName>
          <ShippingMethodCode>1</ShippingMethodCode>
          <StateOrProvince xsi:nil="true"></StateOrProvince>
          <Telephone1 xsi:nil="true"></Telephone1>
          <Telephone2 xsi:nil="true"></Telephone2>
          <Telephone3 xsi:nil="true"></Telephone3>
          <TimeZoneRuleVersionNumber xsi:nil="true"></TimeZoneRuleVersionNumber>
          <UPSZone xsi:nil="true"></UPSZone>
          <UTCOffset xsi:nil="true"></UTCOffset>
          <UTCConversionTimeZoneCode xsi:nil="true"></UTCConversionTimeZoneCode>
        </Address>
        <Address>
          <AddressNumber>2</AddressNumber>
          <AddressTypeCode>1</AddressTypeCode>
          <City xsi:nil="true"></City>
          <County xsi:nil="true"></County>
          <Country xsi:nil="true"></Country>
          <Fax xsi:nil="true"></Fax>
          <FreightTermsCode xsi:nil="true"></FreightTermsCode>
          <ImportSequenceNumber xsi:nil="true"></ImportSequenceNumber>
          <Latitude xsi:nil="true"></Latitude>
          <Line1 xsi:nil="true"></Line1>
          <Line2 xsi:nil="true"></Line2>
          <Line3 xsi:nil="true"></Line3>
          <Longitude xsi:nil="true"></Longitude>
          <Name xsi:nil="true"></Name>
          <PostalCode xsi:nil="true"></PostalCode>
          <PostOfficeBox xsi:nil="true"></PostOfficeBox>
          <PrimaryContactName xsi:nil="true"></PrimaryContactName>
          <ShippingMethodCode>1</ShippingMethodCode>
          <StateOrProvince xsi:nil="true"></StateOrProvince>
          <Telephone1 xsi:nil="true"></Telephone1>
          <Telephone2 xsi:nil="true"></Telephone2>
          <Telephone3 xsi:nil="true"></Telephone3>
          <TimeZoneRuleVersionNumber xsi:nil="true"></TimeZoneRuleVersionNumber>
          <UPSZone xsi:nil="true"></UPSZone>
          <UTCOffset xsi:nil="true"></UTCOffset>
          <UTCConversionTimeZoneCode xsi:nil="true"></UTCConversionTimeZoneCode>
        </Address>
      </Addresses>
    </Publisher>
    <RootComponents>
      <RootComponent type="1" schemaName="account" behavior="2" />
      <RootComponent type="1" schemaName="contact" behavior="2" />
      <RootComponent type="1" schemaName="pfb_endofshift" behavior="0" />
      <RootComponent type="1" schemaName="pfb_items" behavior="0" />
      <RootComponent type="1" schemaName="pfb_orderproducts" behavior="0" />
      <RootComponent type="1" schemaName="pfb_product" behavior="0" />
      <RootComponent type="1" schemaName="pfb_purchaseorder" behavior="0" />
      <RootComponent type="1" schemaName="pfb_receiptitems" behavior="0" />
      <RootComponent type="1" schemaName="pfb_recipt" behavior="0" />
      <RootComponent type="1" schemaName="pfb_stockcount" behavior="0" />
      <RootComponent type="1" schemaName="pfb_stockcountitem" behavior="0" />
      <RootComponent type="1" schemaName="systemuser" behavior="2" />
      <RootComponent type="9" schemaName="pfb_availability" behavior="0" />
      <RootComponent type="9" schemaName="pfb_category" behavior="0" />
      <RootComponent type="9" schemaName="pfb_usertype" behavior="0" />
      <RootComponent type="29" id="{895e47ad-27d3-ef11-8eea-6045bdaf4537}" behavior="0" />
      <RootComponent type="29" id="{92621f62-a9b7-ef11-b8e9-6045bdaf4537}" behavior="0" />
      <RootComponent type="29" id="{cd276050-9bb7-ef11-b8e9-6045bdaf4537}" behavior="0" />
      <RootComponent type="62" schemaName="pfb_POSAdmin" behavior="0" />
      <RootComponent type="80" schemaName="pfb_POSAdmin" behavior="0" />
      <RootComponent type="431" schemaName="pfb_items pfb_image" behavior="0" />
      <RootComponent type="431" schemaName="pfb_product pfb_image" behavior="0" />
      <RootComponent type="432" schemaName="pfb_items" behavior="0" />
      <RootComponent type="432" schemaName="pfb_product" behavior="0" />
    </RootComponents>
    <MissingDependencies>
      <MissingDependency>
        <Required type="60" displayName="Account" parentDisplayName="Account" solution="msdynce_AppCommon (9.0.4.0066)" id="{8448b78f-8f42-454e-8e2a-f8196b0419af}">
          <package appName="msdynce_AppCommon" version="9.0.24123.10001">msdynce_AppCommonAnchor (9.0.24123.10001)</package>
        </Required>
        <Dependent type="60" displayName="Account" parentDisplayName="Account" id="{8448b78f-8f42-454e-8e2a-f8196b0419af}" />
      </MissingDependency>
      <MissingDependency>
        <Required type="61" schemaName="msdyn_/Images/AppModule_Default_Icon.png" displayName="msdyn_/Images/AppModule_Default_Icon.png" solution="AppModuleWebResources (2.5)">
          <package appName="AppModule Web Resources Package" version="2.5">AppModuleWebResources (2.5)</package>
        </Required>
        <Dependent type="80" schemaName="pfb_POSAdmin" displayName="POS Admin" />
      </MissingDependency>
      <MissingDependency>
        <Required type="66" schemaName="MscrmControls.CardFeedContainer.CardFeedContainer" displayName="MscrmControls.CardFeedContainer.CardFeedContainer" solution="BaseCustomControlsCore (9.0.2412.2001)">
          <package appName="Base Custom Controls" version="9.0.2412.2001">BaseCustomControlsCore (9.0.2412.2001)</package>
        </Required>
        <Dependent type="60" displayName="Contact" parentDisplayName="Contact" id="{e4b211a2-c6b6-ef11-b8e9-6045bdaf4537}" />
      </MissingDependency>
      <MissingDependency>
        <Required type="66" schemaName="MscrmControls.FieldControls.ToggleControl" displayName="MscrmControls.FieldControls.ToggleControl" solution="BaseCustomControlsCore (9.0.2412.2001)">
          <package appName="Base Custom Controls" version="9.0.2412.2001">BaseCustomControlsCore (9.0.2412.2001)</package>
        </Required>
        <Dependent type="60" displayName="Information" parentDisplayName="Purchase Order" id="{4444a37d-9c3d-4818-a54d-d25ae06756e2}" />
      </MissingDependency>
      <MissingDependency>
        <Required type="66" schemaName="MscrmControls.Grid.GridControl" displayName="MscrmControls.Grid.GridControl" solution="BaseCustomControlsCore (9.0.2412.2001)">
          <package appName="Base Custom Controls" version="9.0.2412.2001">BaseCustomControlsCore (9.0.2412.2001)</package>
        </Required>
        <Dependent type="60" displayName="Information" parentDisplayName="Purchase Order" id="{4444a37d-9c3d-4818-a54d-d25ae06756e2}" />
      </MissingDependency>
      <MissingDependency>
        <Required type="90" schemaName="msdyncrmWorkflowTools.CalculateRollupField, powerplatformWorkflowTools, Version=1.0.61.1, Culture=neutral, PublicKeyToken=416e876b9bee261e" displayName="msdyncrmWorkflowTools.CalculateRollupField" solution="PowerPlatformWorkflowTools (1.0.61.1)" id="{a44ad8ad-8f50-4106-8ffa-d37ccd619aae}" />
        <Dependent type="29" displayName="Update Stock Count" id="{895e47ad-27d3-ef11-8eea-6045bdaf4537}" />
      </MissingDependency>
      <MissingDependency>
        <Required type="SettingDefinition" displayName="AppChannel" solution="msdyn_AppFrameworkInfraExtensions (1.0.0.12)" id.uniquename="AppChannel">
          <package appName="PowerAppsAppFramework Package" version="1.0.0.16">PowerAppsAppFramework_Anchor (1.0.0.16)</package>
        </Required>
        <Dependent type="AppSetting" displayName="parentappmoduleid.uniquename=pfb_POSAdmin,settingdefinitionid.uniquename=AppChannel" id.parentappmoduleid.uniquename="pfb_POSAdmin" id.settingdefinitionid.uniquename="AppChannel" />
      </MissingDependency>
    </MissingDependencies>
  </SolutionManifest>
</ImportExportXml>