{"name":"7d06ba08-defa-45f9-a250-6a8fb943d406","id":"/providers/Microsoft.Flow/flows/7d06ba08-defa-45f9-a250-6a8fb943d406","type":"Microsoft.Flow/flows","properties":{"apiId":"/providers/Microsoft.PowerApps/apis/shared_logicflows","displayName":"Email Receipt to Customer","definition":{"metadata":{"workflowEntityId":null,"processAdvisorMetadata":null,"flowChargedByPaygo":null,"flowclientsuspensionreason":"None","flowclientsuspensiontime":null,"flowclientsuspensionreasondetails":null,"creator":{"id":"3826838b-0d80-46a3-b886-0f72fc0282ab","type":"User","tenantId":"ebcf00a3-4b0f-4282-a7f4-3aedf7b760ec"},"provisioningMethod":"FromDefinition","failureAlertSubscription":true,"clientLastModifiedTime":"2025-01-03T05:38:27.2901544Z","connectionKeySavedTimeKey":"2025-01-03T05:38:27.2901544Z"},"$schema":"https://schema.management.azure.com/providers/Microsoft.Logic/schemas/2016-06-01/workflowdefinition.json#","contentVersion":"1.0.0.0","parameters":{"$connections":{"defaultValue":{},"type":"Object"},"$authentication":{"defaultValue":{},"type":"SecureObject"}},"triggers":{"manual":{"metadata":{"operationMetadataId":"9d0f1fdd-b4a1-4d66-8a0d-bcfd57a23e4d"},"type":"Request","kind":"PowerAppV2","inputs":{"schema":{"type":"object","properties":{"text":{"title":"receiptid_Value","type":"string","x-ms-dynamically-added":true,"description":"receiptid","x-ms-content-hint":"TEXT"}},"required":["text"]}}}},"actions":{"Receipt_ID":{"runAfter":{},"metadata":{"operationMetadataId":"855f6887-1f8f-44e3-bdaa-e37147cd71bd"},"type":"InitializeVariable","inputs":{"variables":[{"name":"var_receipt","type":"string","value":"@triggerBody()['text']"}]}},"Get_Receipt":{"runAfter":{"Receipt_ID":["Succeeded"]},"metadata":{"operationMetadataId":"4f1171cf-8230-4eba-bf77-0b8b002fe28f"},"type":"OpenApiConnection","inputs":{"host":{"apiId":"/providers/Microsoft.PowerApps/apis/shared_commondataserviceforapps","connectionName":"shared_commondataserviceforapps","operationId":"GetItem"},"parameters":{"entityName":"pfb_recipts","recordId":"@variables('var_receipt')"},"authentication":"@parameters('$authentication')"}},"Get_Cashier":{"runAfter":{"Get_Receipt":["Succeeded"]},"metadata":{"operationMetadataId":"aebb38ff-75a4-4275-90ab-a45b6ba6536b"},"type":"OpenApiConnection","inputs":{"host":{"apiId":"/providers/Microsoft.PowerApps/apis/shared_commondataserviceforapps","connectionName":"shared_commondataserviceforapps","operationId":"GetItem"},"parameters":{"entityName":"contacts","recordId":"@outputs('Get_Receipt')?['body/_pfb_cashieris_value']"},"authentication":"@parameters('$authentication')"}},"List_rows":{"runAfter":{"Get_Cashier":["Succeeded"]},"metadata":{"operationMetadataId":"b0fb53e0-29b9-4d92-8fa5-b5a2f8140eea"},"type":"OpenApiConnection","inputs":{"host":{"apiId":"/providers/Microsoft.PowerApps/apis/shared_commondataserviceforapps","connectionName":"shared_commondataserviceforapps","operationId":"ListRecords"},"parameters":{"entityName":"pfb_receiptitemses","$filter":"_pfb_receipt_value eq '@{outputs('Get_Receipt')?['body/pfb_reciptid']}'"},"authentication":"@parameters('$authentication')"}},"Create_HTML_table":{"runAfter":{"List_rows":["Succeeded"]},"metadata":{"operationMetadataId":"373fa66d-0a79-4db1-9140-497732e6846b"},"type":"Table","inputs":{"from":"@outputs('List_rows')?['body/value']","format":"HTML","columns":[{"header":"Item","value":"@item()?['pfb_name']"},{"header":"Price","value":"Rs@{item()?['pfb_amount']}"}]}},"Get_Customer":{"runAfter":{"Create_HTML_table":["Succeeded"]},"metadata":{"operationMetadataId":"e5a93025-87e5-4ae7-b0c6-76e910a6cf8e"},"type":"OpenApiConnection","inputs":{"host":{"apiId":"/providers/Microsoft.PowerApps/apis/shared_commondataserviceforapps","connectionName":"shared_commondataserviceforapps","operationId":"GetItem"},"parameters":{"entityName":"contacts","recordId":"@outputs('Get_Receipt')?['body/_pfb_customeris_value']"},"authentication":"@parameters('$authentication')"}},"Condition":{"actions":{"Terminate":{"runAfter":{},"metadata":{"operationMetadataId":"015f2307-8dcc-42e3-978a-6c5e5948a484"},"type":"Terminate","inputs":{"runStatus":"Succeeded"}}},"runAfter":{"Get_Customer":["Succeeded"]},"else":{"actions":{"Send_email_(V2)":{"runAfter":{},"metadata":{"operationMetadataId":"b5f1c3c8-f7ac-4660-9f47-29077f1880c5"},"type":"OpenApiConnection","inputs":{"host":{"apiId":"/providers/Microsoft.PowerApps/apis/shared_gmail","connectionName":"shared_gmail","operationId":"SendEmailV2"},"parameters":{"emailMessage/To":"@outputs('Get_Customer')?['body/emailaddress1']","emailMessage/Subject":"Corner Cafe Receipt - @{outputs('Get_Receipt')?['body/pfb_date']}","emailMessage/Body":"<p>Dear @{outputs('Get_Customer')?['body/firstname']},<br>\n<br>\nThank you for your support!<br>\n@{body('Create_HTML_table')}<br>\nTotal Due: Rs@{outputs('Get_Receipt')?['body/pfb_totaldue']}<br>\nAmount Tendered: Rs@{outputs('Get_Receipt')?['body/pfb_amounttendered']}<br>\nChange: Rs@{outputs('Get_Receipt')?['body/pfb_change']}<br>\nCashier:@{outputs('Get_Cashier')?['body/firstname']}<br>\n<br>\nPlease free to contact us!<br>\nReagrds,<br>\nThe Corners Cafe.<br>\n</p>"},"authentication":{"value":"@json(decodeBase64(triggerOutputs().headers['X-MS-APIM-Tokens']))['$ConnectionKey']","type":"Raw"}}}}},"expression":{"or":[{"equals":["@outputs('Get_Customer')?['body/firstname']","Default"]},{"equals":["@outputs('Get_Receipt')?['body/_pfb_customeris_value']","@null"]}]},"metadata":{"operationMetadataId":"4da96cdf-e888-4816-a2fa-84158b08e14d"},"type":"If"}}},"connectionReferences":{"shared_commondataserviceforapps":{"connectionName":"shared-commondataser-1d7e36f0-28fb-4e41-88e9-166ef83b737b","source":"Embedded","id":"/providers/Microsoft.PowerApps/apis/shared_commondataserviceforapps","tier":"NotSpecified","apiName":"commondataserviceforapps"},"shared_gmail":{"connectionName":"shared-gmail-b56ac562-6689-45eb-8282-a81f189a0e50","source":"Invoker","id":"/providers/Microsoft.PowerApps/apis/shared_gmail","tier":"NotSpecified","apiName":"gmail"}},"flowFailureAlertSubscribed":false,"isManaged":false}}