{"name":"6d85c197-88ce-4838-a42f-b805994821d4","id":"/providers/Microsoft.Flow/flows/6d85c197-88ce-4838-a42f-b805994821d4","type":"Microsoft.Flow/flows","properties":{"apiId":"/providers/Microsoft.PowerApps/apis/shared_logicflows","displayName":"Cancel Product","definition":{"metadata":{"workflowEntityId":null,"processAdvisorMetadata":null,"flowChargedByPaygo":null,"flowclientsuspensionreason":"None","flowclientsuspensiontime":null,"flowclientsuspensionreasondetails":null,"creator":{"id":"3826838b-0d80-46a3-b886-0f72fc0282ab","type":"User","tenantId":"ebcf00a3-4b0f-4282-a7f4-3aedf7b760ec"},"provisioningMethod":"FromDefinition","failureAlertSubscription":true,"clientLastModifiedTime":"2024-12-30T11:47:02.8223574Z","connectionKeySavedTimeKey":"2024-12-30T11:47:02.8223574Z","creationSource":"PowerappsPpux","modifiedSources":"PowerappsPpux"},"$schema":"https://schema.management.azure.com/providers/Microsoft.Logic/schemas/2016-06-01/workflowdefinition.json#","contentVersion":"1.0.0.0","parameters":{"$connections":{"defaultValue":{},"type":"Object"},"$authentication":{"defaultValue":{},"type":"SecureObject"}},"triggers":{"manual":{"metadata":{"operationMetadataId":"7a40841d-9efa-4cb9-904c-6d48d2d5d7db"},"type":"Request","kind":"PowerAppV2","inputs":{"schema":{"type":"object","properties":{"text":{"title":"Items","type":"string","x-ms-dynamically-added":true,"description":"itemsid_Value","x-ms-content-hint":"TEXT"}},"required":["text"]}}}},"actions":{"Itemsid":{"runAfter":{},"metadata":{"operationMetadataId":"a4b4ce4c-007a-4035-a045-f07689edccf5"},"type":"InitializeVariable","inputs":{"variables":[{"name":"var_itemid","type":"string","value":"@triggerBody()['text']"}]}},"Initialize_variable":{"runAfter":{"Itemsid":["Succeeded"]},"metadata":{"operationMetadataId":"753d2c90-a215-45ee-9309-85dc4d1fe1ba"},"type":"InitializeVariable","inputs":{"variables":[{"name":"var_eachitem","type":"array","value":"@split(variables('var_itemid'),',')"}]}},"Apply_to_each":{"foreach":"@variables('var_eachitem')","actions":{"Condition":{"actions":{"Find_Item":{"runAfter":{},"metadata":{"operationMetadataId":"dfcfae51-1602-4abe-93fc-1ff54633b2be"},"type":"OpenApiConnection","inputs":{"host":{"apiId":"/providers/Microsoft.PowerApps/apis/shared_commondataserviceforapps","connectionName":"shared_commondataserviceforapps","operationId":"GetItem"},"parameters":{"entityName":"pfb_itemses","recordId":"@items('Apply_to_each')"},"authentication":"@parameters('$authentication')"}},"Update_Item_to_Avaliable":{"runAfter":{"Find_Item":["Succeeded"]},"metadata":{"operationMetadataId":"9fc3588d-be8b-4d0a-b5e2-153e6c766f58"},"type":"OpenApiConnection","inputs":{"host":{"apiId":"/providers/Microsoft.PowerApps/apis/shared_commondataserviceforapps","connectionName":"shared_commondataserviceforapps","operationId":"UpdateOnlyRecord"},"parameters":{"entityName":"pfb_itemses","recordId":"@outputs('Find_Item')?['body/pfb_itemsid']","item/pfb_availability":891160003},"authentication":"@parameters('$authentication')"}}},"runAfter":{},"expression":{"contains":["@items('Apply_to_each')","-"]},"metadata":{"operationMetadataId":"21e708eb-5fe6-42b6-b960-e57cc5e84b77"},"type":"If"}},"runAfter":{"Initialize_variable":["Succeeded"]},"metadata":{"operationMetadataId":"eaf683ed-881d-49d3-91c9-f994a5dcb0f4"},"type":"Foreach"}}},"connectionReferences":{"shared_commondataserviceforapps":{"connectionName":"shared-commondataser-1d7e36f0-28fb-4e41-88e9-166ef83b737b","source":"Embedded","id":"/providers/Microsoft.PowerApps/apis/shared_commondataserviceforapps","tier":"NotSpecified","apiName":"commondataserviceforapps"}},"flowFailureAlertSubscribed":false,"isManaged":false}}