{
  "properties": {
    "connectionReferences": {
      "shared_commondataserviceforapps": {
        "runtimeSource": "embedded",
        "connection": {
          "connectionReferenceLogicalName": "pfb_sharedcommondataserviceforapps_94a85"
        },
        "api": {
          "name": "shared_commondataserviceforapps"
        }
      }
    },
    "definition": {
      "$schema": "https://schema.management.azure.com/providers/Microsoft.Logic/schemas/2016-06-01/workflowdefinition.json#",
      "contentVersion": "1.0.0.0",
      "parameters": {
        "$connections": {
          "defaultValue": {},
          "type": "Object"
        },
        "$authentication": {
          "defaultValue": {},
          "type": "SecureObject"
        }
      },
      "triggers": {
        "When_a_row_is_added,_modified_or_deleted": {
          "metadata": {
            "operationMetadataId": "4872e02a-15fa-4e67-a249-031215e54d23"
          },
          "type": "OpenApiConnectionWebhook",
          "inputs": {
            "host": {
              "connectionName": "shared_commondataserviceforapps",
              "operationId": "SubscribeWebhookTrigger",
              "apiId": "/providers/Microsoft.PowerApps/apis/shared_commondataserviceforapps"
            },
            "parameters": {
              "subscriptionRequest/message": 3,
              "subscriptionRequest/entityname": "pfb_orderproducts",
              "subscriptionRequest/scope": 4,
              "subscriptionRequest/filteringattributes": "pfb_received"
            },
            "authentication": "@parameters('$authentication')"
          }
        }
      },
      "actions": {
        "Item_Counter": {
          "runAfter": {},
          "metadata": {
            "operationMetadataId": "9a38c18a-ea5b-4e79-bd97-eceb32c63072"
          },
          "type": "InitializeVariable",
          "inputs": {
            "variables": [
              {
                "name": "var_itemcount",
                "type": "integer",
                "value": 0
              }
            ]
          }
        },
        "Get_Product": {
          "runAfter": {
            "Item_Counter": [
              "Succeeded"
            ]
          },
          "metadata": {
            "operationMetadataId": "6e393abf-9e53-4c1c-9d7e-fa80e820a356"
          },
          "type": "OpenApiConnection",
          "inputs": {
            "host": {
              "connectionName": "shared_commondataserviceforapps",
              "operationId": "GetItem",
              "apiId": "/providers/Microsoft.PowerApps/apis/shared_commondataserviceforapps"
            },
            "parameters": {
              "entityName": "pfb_products",
              "recordId": "@triggerOutputs()?['body/_pfb_product_value']"
            },
            "authentication": "@parameters('$authentication')"
          }
        },
        "Check_if_Received_GT_0": {
          "actions": {
            "Do_until": {
              "actions": {
                "Create_Item": {
                  "runAfter": {},
                  "metadata": {
                    "operationMetadataId": "8fb07590-23e5-4af0-9fbe-8462c8d43017"
                  },
                  "type": "OpenApiConnection",
                  "inputs": {
                    "host": {
                      "connectionName": "shared_commondataserviceforapps",
                      "operationId": "CreateRecord",
                      "apiId": "/providers/Microsoft.PowerApps/apis/shared_commondataserviceforapps"
                    },
                    "parameters": {
                      "entityName": "pfb_itemses",
                      "item/pfb_name": "@outputs('Get_Product')?['body/pfb_name']",
                      "item/pfb_availability": 891160003,
                      "item/pfb_costprice": "@triggerOutputs()?['body/pfb_cost']",
                      "item/pfb_image": "@outputs('Get_Product')?['body/pfb_image']",
                      "item/pfb_Product@odata.bind": "pfb_products/@{outputs('Get_Product')?['body/pfb_productid']}",
                      "item/pfb_productcode": "@outputs('Get_Product')?['body/pfb_productcode']",
                      "item/pfb_sellingprice": "@outputs('Get_Product')?['body/pfb_sellingprice']"
                    },
                    "authentication": "@parameters('$authentication')"
                  }
                },
                "Increment_variable": {
                  "runAfter": {
                    "Create_Item": [
                      "Succeeded"
                    ]
                  },
                  "metadata": {
                    "operationMetadataId": "88ba2a14-581f-475d-9cd2-a2d96fb7ae6e"
                  },
                  "type": "IncrementVariable",
                  "inputs": {
                    "name": "var_itemcount",
                    "value": 1
                  }
                }
              },
              "runAfter": {},
              "expression": "@equals(variables('var_itemcount'), triggerOutputs()?['body/pfb_received'])",
              "limit": {
                "count": 60,
                "timeout": "PT1H"
              },
              "metadata": {
                "operationMetadataId": "981ef13d-65e9-4c40-bac5-a2c79f710540"
              },
              "type": "Until"
            }
          },
          "runAfter": {
            "Get_Product": [
              "Succeeded"
            ]
          },
          "else": {
            "actions": {
              "Stop_Workflow": {
                "runAfter": {},
                "metadata": {
                  "operationMetadataId": "84e8ac5f-e9ed-42a6-9a50-edfefe789dfa"
                },
                "type": "Terminate",
                "inputs": {
                  "runStatus": "Succeeded"
                }
              }
            }
          },
          "expression": {
            "greater": [
              "@triggerOutputs()?['body/pfb_received']",
              0
            ]
          },
          "metadata": {
            "operationMetadataId": "1205510d-6425-40bb-b4ba-904c66d374e7"
          },
          "type": "If"
        }
      }
    },
    "templateName": ""
  },
  "schemaVersion": "1.0.0.0"
}