{"name":"f3c4fee7-de22-4968-ac2a-02f27db38a36","id":"/providers/Microsoft.Flow/flows/f3c4fee7-de22-4968-ac2a-02f27db38a36","type":"Microsoft.Flow/flows","properties":{"apiId":"/providers/Microsoft.PowerApps/apis/shared_logicflows","displayName":"Mark Item as Sold","definition":{"metadata":{"workflowEntityId":null,"processAdvisorMetadata":null,"flowChargedByPaygo":null,"flowclientsuspensionreason":"None","flowclientsuspensiontime":null,"flowclientsuspensionreasondetails":null,"creator":{"id":"3826838b-0d80-46a3-b886-0f72fc0282ab","type":"User","tenantId":"ebcf00a3-4b0f-4282-a7f4-3aedf7b760ec"},"provisioningMethod":"FromDefinition","failureAlertSubscription":true,"clientLastModifiedTime":"2025-01-02T06:31:45.826338Z","connectionKeySavedTimeKey":"2025-01-02T06:31:45.826338Z"},"$schema":"https://schema.management.azure.com/providers/Microsoft.Logic/schemas/2016-06-01/workflowdefinition.json#","contentVersion":"1.0.0.0","parameters":{"$connections":{"defaultValue":{},"type":"Object"},"$authentication":{"defaultValue":{},"type":"SecureObject"}},"triggers":{"manual":{"metadata":{"operationMetadataId":"fa10ffcc-abec-48ff-9f88-c40e9af1841a"},"type":"Request","kind":"PowerAppV2","inputs":{"schema":{"type":"object","properties":{"text":{"title":"itemsid_Value","type":"string","x-ms-dynamically-added":true,"description":"itemid","x-ms-content-hint":"TEXT"}},"required":["text"]}}}},"actions":{"itemsid":{"runAfter":{},"metadata":{"operationMetadataId":"9b164eed-fa76-4553-ba3b-8fc4278d6834"},"type":"InitializeVariable","inputs":{"variables":[{"name":"var_itemid","type":"string","value":"@triggerBody()['text']"}]}},"each_item":{"runAfter":{"itemsid":["Succeeded"]},"metadata":{"operationMetadataId":"c9039068-d675-45de-bb76-be5659a1ab68"},"type":"InitializeVariable","inputs":{"variables":[{"name":"var_eachitem","type":"array","value":"@Split(variables('var_itemid'),',')"}]}},"Apply_to_each":{"foreach":"@variables('var_eachitem')","actions":{"Condition":{"actions":{"find_item":{"runAfter":{},"metadata":{"operationMetadataId":"1fb93055-cda0-4688-9d2b-bbdfb10e8e30"},"type":"OpenApiConnection","inputs":{"host":{"apiId":"/providers/Microsoft.PowerApps/apis/shared_commondataserviceforapps","connectionName":"shared_commondataserviceforapps","operationId":"GetItem"},"parameters":{"entityName":"pfb_itemses","recordId":"@items('Apply_to_each')"},"authentication":"@parameters('$authentication')"}},"Update_a_row":{"runAfter":{"find_item":["Succeeded"]},"metadata":{"operationMetadataId":"84651ae1-974a-4239-aa59-085970403e44"},"type":"OpenApiConnection","inputs":{"host":{"apiId":"/providers/Microsoft.PowerApps/apis/shared_commondataserviceforapps","connectionName":"shared_commondataserviceforapps","operationId":"UpdateOnlyRecord"},"parameters":{"entityName":"pfb_itemses","recordId":"@outputs('find_item')?['body/pfb_itemsid']","item/pfb_availability":891160000},"authentication":"@parameters('$authentication')"}}},"runAfter":{},"expression":{"contains":["@items('Apply_to_each')","-"]},"metadata":{"operationMetadataId":"6ed54bc0-646a-4214-8e3e-3695195d61cc"},"type":"If"}},"runAfter":{"each_item":["Succeeded"]},"metadata":{"operationMetadataId":"ffd54310-f05a-4e3d-bca4-a2b1cdbc8377"},"type":"Foreach"}}},"connectionReferences":{"shared_commondataserviceforapps":{"connectionName":"shared-commondataser-1d7e36f0-28fb-4e41-88e9-166ef83b737b","source":"Embedded","id":"/providers/Microsoft.PowerApps/apis/shared_commondataserviceforapps","tier":"NotSpecified","apiName":"commondataserviceforapps"}},"flowFailureAlertSubscribed":false,"isManaged":false}}