{"name":"aceb229f-b4e1-4cdb-9b31-f6f560b32e74","id":"/providers/Microsoft.Flow/flows/aceb229f-b4e1-4cdb-9b31-f6f560b32e74","type":"Microsoft.Flow/flows","properties":{"apiId":"/providers/Microsoft.PowerApps/apis/shared_logicflows","displayName":"Create Receipt","definition":{"metadata":{"workflowEntityId":null,"processAdvisorMetadata":null,"flowChargedByPaygo":null,"flowclientsuspensionreason":"None","flowclientsuspensiontime":null,"flowclientsuspensionreasondetails":null,"creator":{"id":"3826838b-0d80-46a3-b886-0f72fc0282ab","type":"User","tenantId":"ebcf00a3-4b0f-4282-a7f4-3aedf7b760ec"},"provisioningMethod":"FromDefinition","failureAlertSubscription":true,"clientLastModifiedTime":"2025-01-02T05:26:33.8797809Z","connectionKeySavedTimeKey":"2025-01-02T05:26:33.8797809Z"},"$schema":"https://schema.management.azure.com/providers/Microsoft.Logic/schemas/2016-06-01/workflowdefinition.json#","contentVersion":"1.0.0.0","parameters":{"$authentication":{"defaultValue":{},"type":"SecureObject"},"$connections":{"defaultValue":{},"type":"Object"}},"triggers":{"manual":{"metadata":{"operationMetadataId":"206860a4-144c-4fe4-bd8e-2c06e834ae5f"},"type":"Request","kind":"PowerAppV2","inputs":{"schema":{"type":"object","properties":{"text":{"title":"name_Value","type":"string","x-ms-dynamically-added":true,"description":"name","x-ms-content-hint":"TEXT"},"text_1":{"title":"customer_Value","type":"string","x-ms-dynamically-added":true,"description":"customer","x-ms-content-hint":"TEXT"},"text_2":{"title":"cashier_Value","type":"string","x-ms-dynamically-added":true,"description":"cashier","x-ms-content-hint":"TEXT"},"text_3":{"title":"total_Value","type":"string","x-ms-dynamically-added":true,"description":"total","x-ms-content-hint":"TEXT"},"text_4":{"title":"tendered_Value","type":"string","x-ms-dynamically-added":true,"description":"tendered","x-ms-content-hint":"TEXT"},"text_5":{"title":"change_Value","type":"string","x-ms-dynamically-added":true,"description":"change","x-ms-content-hint":"TEXT"}},"required":["text","text_1","text_2","text_3","text_4","text_5"]}}}},"actions":{"name":{"runAfter":{},"metadata":{"operationMetadataId":"6b5bc82a-c5db-494f-b088-cc60ebe83545"},"type":"InitializeVariable","inputs":{"variables":[{"name":"var_name","type":"string","value":"@triggerBody()['text']"}]}},"customer":{"runAfter":{"name":["Succeeded"]},"metadata":{"operationMetadataId":"54b90a60-3135-47b6-a125-7f22cda9c98e"},"type":"InitializeVariable","inputs":{"variables":[{"name":"var_customer","type":"string","value":"@triggerBody()['text_1']"}]}},"cashier":{"runAfter":{"customer":["Succeeded"]},"metadata":{"operationMetadataId":"9dfb4635-c32b-41d3-a1f9-553da04c13e7"},"type":"InitializeVariable","inputs":{"variables":[{"name":"var_cashier","type":"string","value":"@triggerBody()['text_2']"}]}},"total":{"runAfter":{"cashier":["Succeeded"]},"metadata":{"operationMetadataId":"2951374b-b257-47f3-ac2a-c8fd88f15492"},"type":"InitializeVariable","inputs":{"variables":[{"name":"var_total","type":"string","value":"@triggerBody()['text_3']"}]}},"tendered":{"runAfter":{"total":["Succeeded"]},"metadata":{"operationMetadataId":"34f2e951-563d-4d23-8be3-572985371c09"},"type":"InitializeVariable","inputs":{"variables":[{"name":"var_tendered","type":"string","value":"@triggerBody()['text_4']"}]}},"change":{"runAfter":{"tendered":["Succeeded"]},"metadata":{"operationMetadataId":"4c760c57-862b-46d1-8ab6-c585e8e218a4"},"type":"InitializeVariable","inputs":{"variables":[{"name":"var_change","type":"string","value":"@triggerBody()['text_5']"}]}},"Get_Customer":{"runAfter":{"change":["Succeeded"]},"metadata":{"operationMetadataId":"4785e898-4b15-4367-a74b-ac744962d576"},"type":"OpenApiConnection","inputs":{"parameters":{"entityName":"contacts","recordId":"@variables('var_customer')"},"host":{"apiId":"/providers/Microsoft.PowerApps/apis/shared_commondataserviceforapps","connectionName":"shared_commondataserviceforapps","operationId":"GetItem"},"authentication":"@parameters('$authentication')"}},"Get_Cashier":{"runAfter":{"Get_Customer":["Succeeded"]},"metadata":{"operationMetadataId":"dffae348-6979-43f3-adeb-29b412ae4745"},"type":"OpenApiConnection","inputs":{"parameters":{"entityName":"contacts","recordId":"@variables('var_cashier')"},"host":{"apiId":"/providers/Microsoft.PowerApps/apis/shared_commondataserviceforapps","connectionName":"shared_commondataserviceforapps","operationId":"GetItem"},"authentication":"@parameters('$authentication')"}},"Create_Receipt":{"runAfter":{"Get_Cashier":["Succeeded"]},"metadata":{"operationMetadataId":"d54dd5ac-af69-4228-b206-cb90845730ce"},"type":"OpenApiConnection","inputs":{"parameters":{"entityName":"pfb_recipts","item/pfb_name":"@variables('var_name')","item/pfb_amounttendered":"@variables('var_tendered')","item/pfb_CashierIs@odata.bind":"contacts/@{variables('var_cashier')}","item/pfb_change":"@variables('var_change')","item/pfb_CustomerIs@odata.bind":"contacts/@{variables('var_customer')}","item/pfb_date":"@utcNow()","item/pfb_totaldue":"@variables('var_total')"},"host":{"apiId":"/providers/Microsoft.PowerApps/apis/shared_commondataserviceforapps","connectionName":"shared_commondataserviceforapps","operationId":"CreateRecord"},"authentication":"@parameters('$authentication')"}},"Respond_to_a_Power_App_or_flow":{"runAfter":{"Create_Receipt":["Succeeded"]},"metadata":{"operationMetadataId":"b18ac982-5f10-4cf7-83a8-36cadefdf70a"},"type":"Response","kind":"PowerApp","inputs":{"schema":{"type":"object","properties":{"receiptid":{"title":"receiptid","x-ms-dynamically-added":true,"type":"string"}},"additionalProperties":{}},"statusCode":200,"body":{"receiptid":"@outputs('Create_Receipt')?['body/pfb_reciptid']"}}}}},"connectionReferences":{"shared_commondataserviceforapps":{"connectionName":"shared-commondataser-1d7e36f0-28fb-4e41-88e9-166ef83b737b","source":"Embedded","id":"/providers/Microsoft.PowerApps/apis/shared_commondataserviceforapps","tier":"NotSpecified","apiName":"commondataserviceforapps"}},"flowFailureAlertSubscribed":false,"isManaged":false}}